{"Mean-Median": {"name": "Mean-Median", "initial_plan_score": 0.024467061417198233, "fraction_as_high": 0.02, "p_value": 0.2, "opposite_p_value": 1.4}, "Mean-Thirdian": {"name": "Mean-Thirdian", "initial_plan_score": 0.10238882541732341, "fraction_as_high": 0.76, "p_value": 1.2328828005937953, "opposite_p_value": 0.6928203230275509}, "Efficiency Gap": {"name": "Efficiency Gap", "initial_plan_score": 0.1489442698442564, "fraction_as_high": 0.08, "p_value": 0.4, "opposite_p_value": 1.3564659966250536}}