{"plan": "GOV_4_1", "total_steps": 100000, "constraints": ["L^{-1} Polsby-Popper no more than 0.05 worse than the initial plan.", "District populations within one percent of ideal.", "Districts are contiguous.", "No more county splits than the orginal plan."], "p_value_report": {"Mean-Median_(2016_Presidential)": {"name": "Mean-Median_(2016_Presidential)", "initial_plan_score": 0.03384712461862244, "fraction_as_high": 0.797, "p_value": 1.2625371281669304, "opposite_p_value": 0.6371812928829597}, "Mean-Thirdian_(2016_Presidential)": {"name": "Mean-Thirdian_(2016_Presidential)", "initial_plan_score": 0.1031714648377014, "fraction_as_high": 0.903, "p_value": 1.3438749941865873, "opposite_p_value": 0.4404543109109048}, "Efficiency_Gap_(2016_Presidential)": {"name": "Efficiency_Gap_(2016_Presidential)", "initial_plan_score": 0.09030777759857735, "fraction_as_high": 0.204, "p_value": 0.6387487769068525, "opposite_p_value": 1.2617448236470004}, "Mean-Median_(2016_Senate)": {"name": "Mean-Median_(2016_Senate)", "initial_plan_score": 0.03470273539264229, "fraction_as_high": 0.199, "p_value": 0.6308724118235002, "opposite_p_value": 1.2657013865837392}, "Mean-Thirdian_(2016_Senate)": {"name": "Mean-Thirdian_(2016_Senate)", "initial_plan_score": 0.09477830844928603, "fraction_as_high": 0.946, "p_value": 1.375499909123952, "opposite_p_value": 0.3286335345030997}, "Efficiency_Gap_(2016_Senate)": {"name": "Efficiency_Gap_(2016_Senate)", "initial_plan_score": 0.09468051954484448, "fraction_as_high": 0.198, "p_value": 0.6292853089020909, "opposite_p_value": 1.2664912159190052}}}