{"plan": "TS_4_1", "total_steps": 100000, "p_value_report": {"Mean-Median_(2016_Presidential)": {"name": "Mean-Median_(2016_Presidential)", "initial_plan_score": 0.039805029079283794, "fraction_as_high": 0.00702, "p_value": 0.118490505948789, "opposite_p_value": 1.4092409304302795}, "Mean-Thirdian_(2016_Presidential)": {"name": "Mean-Thirdian_(2016_Presidential)", "initial_plan_score": 0.09584605764870185, "fraction_as_high": 0.82295, "p_value": 1.282926342390708, "opposite_p_value": 0.5950630218724736}, "Efficiency_Gap_(2016_Presidential)": {"name": "Efficiency_Gap_(2016_Presidential)", "initial_plan_score": 0.13574729889259218, "fraction_as_high": 0.57482, "p_value": 1.0722126654726665, "opposite_p_value": 0.9221496624735055}, "How_Many_D_Seats_(2016_Presidential)": {"name": "How_Many_D_Seats_(2016_Presidential)", "initial_plan_score": 6, "fraction_as_high": 1.0, "p_value": 1.4142135623730951, "opposite_p_value": 0.0}, "Mean-Median_(2016_Senate)": {"name": "Mean-Median_(2016_Senate)", "initial_plan_score": 0.045911149522572525, "fraction_as_high": 0.0171, "p_value": 0.1849324200890693, "opposite_p_value": 1.402069898400219}, "Mean-Thirdian_(2016_Senate)": {"name": "Mean-Thirdian_(2016_Senate)", "initial_plan_score": 0.07969285909104712, "fraction_as_high": 0.84401, "p_value": 1.2992382383535361, "opposite_p_value": 0.5585516985919925}, "Efficiency_Gap_(2016_Senate)": {"name": "Efficiency_Gap_(2016_Senate)", "initial_plan_score": 0.2574948904727869, "fraction_as_high": 0.0139, "p_value": 0.16673332000533067, "opposite_p_value": 1.4043503836293847}, "How_Many_D_Seats_(2016_Senate)": {"name": "How_Many_D_Seats_(2016_Senate)", "initial_plan_score": 4, "fraction_as_high": 1.0, "p_value": 1.4142135623730951, "opposite_p_value": 0.0}, "Distance_From_Ideal_Population": {"name": "Distance_From_Ideal_Population", "initial_plan_score": 14062993.777777778, "fraction_as_high": 1.0, "p_value": 1.4142135623730951, "opposite_p_value": 0.0}}}