{"Mean-Median": {"name": "Mean-Median", "initial_plan_score": 0.04643452907647849, "fraction_as_high": 0.01, "p_value": 0.1414213562373095, "opposite_p_value": 1.407124727947029}, "Mean-Thirdian": {"name": "Mean-Thirdian", "initial_plan_score": 0.07178588334769564, "fraction_as_high": 0.19, "p_value": 0.6164414002968976, "opposite_p_value": 1.2727922061357855}, "Efficiency Gap": {"name": "Efficiency Gap", "initial_plan_score": 0.2113855157341538, "fraction_as_high": 0.01, "p_value": 0.1414213562373095, "opposite_p_value": 1.407124727947029}}