{"Mean-Median": {"name": "Mean-Median", "initial_plan_score": 0.06263557244471346, "fraction_as_high": 0.03, "p_value": 0.2449489742783178, "opposite_p_value": 1.3928388277184118}, "Mean-Thirdian": {"name": "Mean-Thirdian", "initial_plan_score": 0.0752284042531925, "fraction_as_high": 0.29, "p_value": 0.7615773105863908, "opposite_p_value": 1.1916375287812984}, "Efficiency Gap": {"name": "Efficiency Gap", "initial_plan_score": 0.21573194169728435, "fraction_as_high": 0.01, "p_value": 0.1414213562373095, "opposite_p_value": 1.407124727947029}}