{
  "plan": "TS_4_1",
  "total_steps": 1000000,
  "p_value_report": {
    "Mean-Median_(2016_Presidential)": {
      "name": "Mean-Median_(2016_Presidential)",
      "initial_plan_score": 0.039805029079283794,
      "fraction_as_high": 0.116053,
      "p_value": 0.4817738058466857,
      "opposite_p_value": 1.3296217507246186
    },
    "Mean-Thirdian_(2016_Presidential)": {
      "name": "Mean-Thirdian_(2016_Presidential)",
      "initial_plan_score": 0.09584605764870185,
      "fraction_as_high": 0.011686,
      "p_value": 0.15287903715029083,
      "opposite_p_value": 1.4059260293486282
    },
    "Efficiency_Gap_(2016_Presidential)": {
      "name": "Efficiency_Gap_(2016_Presidential)",
      "initial_plan_score": 0.13574729889259218,
      "fraction_as_high": 0.206636,
      "p_value": 0.6428623491852669,
      "opposite_p_value": 1.2596539207258475
    },
    "How_Many_D_Seats_(2016_Presidential)": {
      "name": "How_Many_D_Seats_(2016_Presidential)",
      "initial_plan_score": 6,
      "fraction_as_high": 1.0,
      "p_value": 1.4142135623730951,
      "opposite_p_value": 0.0
    },
    "Mean-Median_(2016_Senate)": {
      "name": "Mean-Median_(2016_Senate)",
      "initial_plan_score": 0.045911149522572525,
      "fraction_as_high": 0.000524,
      "p_value": 0.03237282811247729,
      "opposite_p_value": 1.4138429898683942
    },
    "Mean-Thirdian_(2016_Senate)": {
      "name": "Mean-Thirdian_(2016_Senate)",
      "initial_plan_score": 0.07969285909104712,
      "fraction_as_high": 0.021629,
      "p_value": 0.2079855764229818,
      "opposite_p_value": 1.398835944633966
    },
    "Efficiency_Gap_(2016_Senate)": {
      "name": "Efficiency_Gap_(2016_Senate)",
      "initial_plan_score": 0.2574948904727869,
      "fraction_as_high": 0.000223,
      "p_value": 0.021118712081942877,
      "opposite_p_value": 1.414055868768982
    },
    "How_Many_D_Seats_(2016_Senate)": {
      "name": "How_Many_D_Seats_(2016_Senate)",
      "initial_plan_score": 4,
      "fraction_as_high": 1.0,
      "p_value": 1.4142135623730951,
      "opposite_p_value": 0.0
    }
  }
}
