{"plan": "GOV_4_1", "total_steps": 100000, "p_value_report": {"Mean-Median_(2016_Senate)": {"name": "Mean-Median_(2016_Senate)", "initial_plan_score": 0.03470273539264229, "fraction_as_high": 0.01191, "p_value": 0.1543372929657638, "opposite_p_value": 1.405766694725693}, "Mean-Thirdian_(2016_Senate)": {"name": "Mean-Thirdian_(2016_Senate)", "initial_plan_score": 0.09477830844928603, "fraction_as_high": 0.93506, "p_value": 1.367523308759306, "opposite_p_value": 0.3603886790674757}, "Efficiency_Gap_(2016_Senate)": {"name": "Efficiency_Gap_(2016_Senate)", "initial_plan_score": 0.09468051954484448, "fraction_as_high": 0.42535, "p_value": 0.92233399590387, "opposite_p_value": 1.0720541031123383}, "How_Many_D_Seats_(2016_Senate)": {"name": "How_Many_D_Seats_(2016_Senate)", "initial_plan_score": 7, "fraction_as_high": 0.75127, "p_value": 1.225781383444862, "opposite_p_value": 0.7053084431651162}}}