{"plan": "GOV_4_1", "total_steps": 100000, "constraints": ["L^{-1} Polsby-Popper no more than 0.05 worse than the initial plan.", "District populations within one percent of ideal.", "Districts are contiguous.", "No more county splits than the original plan."], "p_value_report": {"Mean-Median_(2016_Presidential)": {"name": "Mean-Median_(2016_Presidential)", "initial_plan_score": 0.04459057107632902, "fraction_as_high": 1.0, "p_value": 1.4142135623730951, "opposite_p_value": 0.0}, "Mean-Thirdian_(2016_Presidential)": {"name": "Mean-Thirdian_(2016_Presidential)", "initial_plan_score": 0.09846571516639396, "fraction_as_high": 0.583, "p_value": 1.079814798935447, "opposite_p_value": 0.9132360045464699}, "Efficiency_Gap_(2016_Presidential)": {"name": "Efficiency_Gap_(2016_Presidential)", "initial_plan_score": 0.09030777759857735, "fraction_as_high": 0.511, "p_value": 1.010940156488009, "opposite_p_value": 0.9889388252060892}, "Mean-Median_(2016_Senate)": {"name": "Mean-Median_(2016_Senate)", "initial_plan_score": 0.03470273539264229, "fraction_as_high": 0.175, "p_value": 0.5916079783099616, "opposite_p_value": 1.284523257866513}, "Mean-Thirdian_(2016_Senate)": {"name": "Mean-Thirdian_(2016_Senate)", "initial_plan_score": 0.09477830844928603, "fraction_as_high": 0.754, "p_value": 1.2280065146407002, "opposite_p_value": 0.7014271166700072}, "Efficiency_Gap_(2016_Senate)": {"name": "Efficiency_Gap_(2016_Senate)", "initial_plan_score": 0.09468051954484448, "fraction_as_high": 0.452, "p_value": 0.950789145920377, "opposite_p_value": 1.046900186264192}}}